<?xml version="1.0"?>
<initialize name="reset00">
  <!--
    This file sets up the aircraft in flight.
  -->
  <ubody unit="FT/SEC">    0.0   </ubody>
  <vbody unit="FT/SEC">    0.0   </vbody>
  <wbody unit="FT/SEC">    0.0   </wbody>
  <latitude unit="DEG">   37.0   </latitude>
  <longitude unit="DEG">-122.0   </longitude>
  <phi unit="DEG">         0.0   </phi>
  <theta unit="DEG">       0.0   </theta>
  <psi unit="DEG">         0.0   </psi>
  <altitude unit="FT">  1000.0   </altitude>
</initialize>
