<?xml version="1.0"?>
<initialize name="reset00">
  <!--
    This file sets up the aircraft to start off
    from the runway in preparation for takeoff.
  -->
  <latitude unit="DEG">     36.815   </latitude>
  <longitude unit="DEG">  -122.00    </longitude>
  <elevation   unit="FT">   31.0     </elevation>
  <altitudeAGL unit="FT">   20.0     </altitudeAGL>

  <ubody unit="FT/SEC">      0.0 </ubody>
  <vbody unit="FT/SEC">      0.0 </vbody>
  <wbody unit="FT/SEC">      0.0 </wbody>

  <phi unit="DEG">           0.0 </phi>
  <theta unit="DEG">         0.0 </theta>
  <psi unit="DEG">           0.0 </psi>
</initialize>
